{"stats":{"minecraft:mined":{"minecraft:hay_block":9,"minecraft:iron_ore":1,"minecraft:birch_log":5,"minecraft:oak_door":2,"minecraft:crafting_table":4,"minecraft:short_grass":11,"minecraft:coal_ore":12,"minecraft:grass_block":57,"minecraft:oak_log":7,"minecraft:dirt":8,"minecraft:sand":65,"minecraft:tall_grass":1,"minecraft:stone":33,"minecraft:oak_leaves":1},"minecraft:used":{"minecraft:stone_shovel":128,"minecraft:bread":11,"minecraft:stone_pickaxe":47,"minecraft:stone_axe":17,"minecraft:oak_door":2,"minecraft:dirt":11,"minecraft:cobblestone":4,"minecraft:oak_slab":1,"minecraft:crafting_table":5,"minecraft:furnace":2,"minecraft:oak_sapling":1,"minecraft:water_bucket":1},"minecraft:custom":{"minecraft:time_since_rest":4764,"minecraft:interact_with_furnace":10,"minecraft:sprint_one_cm":127031,"minecraft:damage_taken":320,"minecraft:walk_one_cm":60666,"minecraft:mob_kills":1,"minecraft:drop":8,"minecraft:damage_dealt":80,"minecraft:swim_one_cm":13913,"minecraft:talked_to_villager":3,"minecraft:interact_with_crafting_table":6,"minecraft:fly_one_cm":213868,"minecraft:open_chest":11,"minecraft:play_time":41884,"minecraft:sneak_time":57,"minecraft:walk_under_water_one_cm":12621,"minecraft:jump":867,"minecraft:leave_game":1,"minecraft:time_since_death":41884,"minecraft:walk_on_water_one_cm":10613,"minecraft:sleep_in_bed":2,"minecraft:total_world_time":41884,"minecraft:fall_one_cm":27967},"minecraft:crafted":{"minecraft:oak_door":3,"minecraft:oak_slab":6,"minecraft:oak_planks":28,"minecraft:stone_shovel":1,"minecraft:crafting_table":1,"minecraft:stick":4,"minecraft:stone_pickaxe":1,"minecraft:furnace":2,"minecraft:birch_planks":20,"minecraft:stone_axe":1,"minecraft:bread":27,"minecraft:wheat":81},"minecraft:dropped":{"minecraft:bread":1,"minecraft:stone_shovel":1,"minecraft:feather":4,"minecraft:rotten_flesh":2,"minecraft:stone_pickaxe":1},"minecraft:picked_up":{"minecraft:birch_log":5,"minecraft:crafting_table":4,"minecraft:stick":4,"minecraft:raw_iron":2,"minecraft:feather":6,"minecraft:oak_door":2,"minecraft:water_bucket":1,"minecraft:dandelion":2,"minecraft:sand":64,"minecraft:oak_log":7,"minecraft:gunpowder":1,"minecraft:dirt":65,"minecraft:string":1,"minecraft:arrow":1,"minecraft:stone_shovel":1,"minecraft:rotten_flesh":2,"minecraft:wheat_seeds":5,"minecraft:hay_block":9,"minecraft:stone_pickaxe":1,"minecraft:bread":1,"minecraft:light_gray_wool":1,"minecraft:oak_sapling":2,"minecraft:coal":12,"minecraft:cobblestone":39},"minecraft:killed":{"minecraft:sheep":1}},"DataVersion":3953}