{"stats":{"minecraft:mined":{"minecraft:hay_block":9,"minecraft:oak_door":1,"minecraft:crafting_table":4,"minecraft:short_grass":9,"minecraft:coal_ore":1,"minecraft:grass_block":3,"minecraft:oak_log":7,"minecraft:sand":65,"minecraft:stone":23,"minecraft:oak_leaves":1},"minecraft:used":{"minecraft:stone_shovel":65,"minecraft:bread":8,"minecraft:stone_pickaxe":24,"minecraft:stone_axe":10,"minecraft:oak_door":1,"minecraft:dirt":1,"minecraft:crafting_table":4,"minecraft:oak_sapling":1},"minecraft:custom":{"minecraft:time_since_rest":18001,"minecraft:sprint_one_cm":87195,"minecraft:damage_taken":170,"minecraft:walk_one_cm":35736,"minecraft:mob_kills":1,"minecraft:drop":6,"minecraft:damage_dealt":80,"minecraft:swim_one_cm":3791,"minecraft:talked_to_villager":3,"minecraft:interact_with_crafting_table":5,"minecraft:fly_one_cm":155022,"minecraft:open_chest":11,"minecraft:play_time":29884,"minecraft:sneak_time":57,"minecraft:walk_under_water_one_cm":10669,"minecraft:jump":618,"minecraft:leave_game":1,"minecraft:time_since_death":29884,"minecraft:walk_on_water_one_cm":5863,"minecraft:sleep_in_bed":1,"minecraft:total_world_time":29884,"minecraft:fall_one_cm":18915},"minecraft:crafted":{"minecraft:oak_door":3,"minecraft:oak_planks":28,"minecraft:stone_shovel":1,"minecraft:crafting_table":1,"minecraft:stick":4,"minecraft:stone_pickaxe":1,"minecraft:furnace":2,"minecraft:stone_axe":1,"minecraft:bread":27,"minecraft:wheat":81},"minecraft:dropped":{"minecraft:bread":1,"minecraft:feather":4,"minecraft:rotten_flesh":2},"minecraft:picked_up":{"minecraft:crafting_table":4,"minecraft:stick":4,"minecraft:raw_iron":1,"minecraft:feather":6,"minecraft:oak_door":1,"minecraft:dandelion":2,"minecraft:sand":64,"minecraft:oak_log":7,"minecraft:gunpowder":1,"minecraft:dirt":3,"minecraft:string":1,"minecraft:arrow":1,"minecraft:rotten_flesh":2,"minecraft:wheat_seeds":2,"minecraft:hay_block":9,"minecraft:bread":1,"minecraft:light_gray_wool":1,"minecraft:oak_sapling":2,"minecraft:coal":1,"minecraft:cobblestone":29},"minecraft:killed":{"minecraft:sheep":1}},"DataVersion":3953}