{"stats":{"minecraft:mined":{"minecraft:short_grass":9,"minecraft:grass_block":3,"minecraft:oak_leaves":1},"minecraft:used":{"minecraft:dirt":1,"minecraft:oak_sapling":1,"minecraft:bread":2},"minecraft:custom":{"minecraft:jump":329,"minecraft:open_chest":10,"minecraft:time_since_rest":1,"minecraft:sprint_one_cm":39901,"minecraft:leave_game":1,"minecraft:play_time":11884,"minecraft:damage_taken":70,"minecraft:time_since_death":11884,"minecraft:walk_one_cm":10886,"minecraft:sleep_in_bed":1,"minecraft:total_world_time":11884,"minecraft:fall_one_cm":12498,"minecraft:fly_one_cm":91144},"minecraft:picked_up":{"minecraft:oak_sapling":1,"minecraft:dirt":3}},"DataVersion":3953}