{"stats":{"minecraft:mined":{"minecraft:powder_snow":14,"minecraft:cornflower":3,"minecraft:crafting_table":4,"minecraft:short_grass":14,"minecraft:grass_block":8,"minecraft:melon":13,"minecraft:tall_grass":4,"minecraft:blue_bed":3,"minecraft:furnace":3,"minecraft:birch_log":7,"minecraft:iron_ore":4,"minecraft:oak_log":16,"minecraft:coal_ore":3,"minecraft:dirt":2,"minecraft:stone":24,"minecraft:oak_leaves":1,"minecraft:fern":1},"minecraft:custom":{"minecraft:interact_with_furnace":17,"minecraft:mob_kills":19,"minecraft:interact_with_crafting_table":6,"minecraft:leave_game":1,"minecraft:time_since_death":1575,"minecraft:sleep_in_bed":3,"minecraft:time_since_rest":1599,"minecraft:sprint_one_cm":148505,"minecraft:damage_taken":2147,"minecraft:walk_one_cm":83606,"minecraft:drop":4,"minecraft:damage_dealt":1675,"minecraft:swim_one_cm":23983,"minecraft:fly_one_cm":352473,"minecraft:crouch_one_cm":2485,"minecraft:play_time":48428,"minecraft:deaths":2,"minecraft:sneak_time":452,"minecraft:walk_under_water_one_cm":2753,"minecraft:jump":1346,"minecraft:walk_on_water_one_cm":6700,"minecraft:total_world_time":48428,"minecraft:fall_one_cm":59123},"minecraft:used":{"minecraft:cooked_mutton":12,"minecraft:water_bucket":7,"minecraft:stone_pickaxe":30,"minecraft:wooden_pickaxe":7,"minecraft:blue_bed":3,"minecraft:cooked_chicken":4,"minecraft:dirt":1,"minecraft:crafting_table":4,"minecraft:lava_bucket":1,"minecraft:stone_axe":70,"minecraft:furnace":3,"minecraft:bucket":69,"minecraft:powder_snow_bucket":60},"minecraft:crafted":{"minecraft:oak_planks":64,"minecraft:crafting_table":1,"minecraft:wooden_pickaxe":1,"minecraft:cooked_chicken":4,"minecraft:blue_bed":1,"minecraft:furnace":1,"minecraft:bucket":1,"minecraft:birch_planks":28,"minecraft:stone_axe":2,"minecraft:cooked_mutton":14,"minecraft:air":0,"minecraft:blue_dye":3,"minecraft:stick":12,"minecraft:iron_ingot":4,"minecraft:stone_pickaxe":2,"minecraft:blue_wool":3},"minecraft:dropped":{"minecraft:stone_axe":1,"minecraft:wheat_seeds":2,"minecraft:stone_pickaxe":1},"minecraft:picked_up":{"minecraft:birch_log":7,"minecraft:crafting_table":6,"minecraft:feather":12,"minecraft:chicken":10,"minecraft:water_bucket":2,"minecraft:wooden_pickaxe":2,"minecraft:birch_planks":56,"minecraft:oak_log":16,"minecraft:dirt":10,"minecraft:cornflower":3,"minecraft:blue_bed":4,"minecraft:cooked_mutton":6,"minecraft:wheat_seeds":19,"minecraft:stone_pickaxe":1,"minecraft:iron_ingot":2,"minecraft:oak_boat":3,"minecraft:light_gray_wool":4,"minecraft:melon_slice":189,"minecraft:oak_planks":90,"minecraft:furnace":5,"minecraft:stick":10,"minecraft:raw_iron":4,"minecraft:white_bed":2,"minecraft:arrow":3,"minecraft:rotten_flesh":6,"minecraft:stone_axe":1,"minecraft:gray_wool":3,"minecraft:oak_sapling":3,"minecraft:mutton":23,"minecraft:coal":3,"minecraft:white_wool":14,"minecraft:cobblestone":32},"minecraft:killed":{"minecraft:sheep":11,"minecraft:zombie":2,"minecraft:bee":2,"minecraft:chicken":4}},"DataVersion":3953}