{"stats":{"minecraft:mined":{"minecraft:crafting_table":2,"minecraft:cornflower":3,"minecraft:short_grass":5,"minecraft:grass_block":4,"minecraft:oak_log":5,"minecraft:dirt":2,"minecraft:stone":21},"minecraft:used":{"minecraft:cooked_mutton":2,"minecraft:stone_pickaxe":16,"minecraft:wooden_pickaxe":6,"minecraft:blue_bed":1,"minecraft:stone_axe":4,"minecraft:dirt":1,"minecraft:crafting_table":3,"minecraft:furnace":1},"minecraft:custom":{"minecraft:time_since_rest":4143,"minecraft:interact_with_furnace":3,"minecraft:sprint_one_cm":21214,"minecraft:damage_taken":70,"minecraft:walk_one_cm":10715,"minecraft:mob_kills":3,"minecraft:drop":2,"minecraft:damage_dealt":240,"minecraft:fly_one_cm":43011,"minecraft:interact_with_crafting_table":4,"minecraft:crouch_one_cm":980,"minecraft:play_time":12428,"minecraft:sneak_time":121,"minecraft:jump":194,"minecraft:leave_game":1,"minecraft:time_since_death":12428,"minecraft:sleep_in_bed":1,"minecraft:total_world_time":12428,"minecraft:fall_one_cm":6239},"minecraft:dropped":{"minecraft:wheat_seeds":2},"minecraft:crafted":{"minecraft:blue_dye":3,"minecraft:oak_planks":20,"minecraft:crafting_table":1,"minecraft:stick":8,"minecraft:wooden_pickaxe":1,"minecraft:stone_pickaxe":1,"minecraft:blue_wool":3,"minecraft:furnace":1,"minecraft:blue_bed":1,"minecraft:stone_axe":1,"minecraft:cooked_mutton":4},"minecraft:picked_up":{"minecraft:crafting_table":2,"minecraft:oak_log":5,"minecraft:cornflower":3,"minecraft:dirt":6,"minecraft:wheat_seeds":2,"minecraft:light_gray_wool":1,"minecraft:mutton":4,"minecraft:white_wool":2,"minecraft:cobblestone":21},"minecraft:killed":{"minecraft:sheep":3}},"DataVersion":3953}