{"stats":{"minecraft:mined":{"minecraft:powder_snow":14,"minecraft:crafting_table":4,"minecraft:cornflower":3,"minecraft:short_grass":22,"minecraft:grass_block":13,"minecraft:melon":23,"minecraft:tall_grass":4,"minecraft:oak_planks":1,"minecraft:blue_bed":3,"minecraft:furnace":3,"minecraft:birch_log":7,"minecraft:iron_ore":4,"minecraft:oak_log":16,"minecraft:coal_ore":3,"minecraft:dirt":9,"minecraft:stone":25,"minecraft:white_wool":2,"minecraft:oak_leaves":1,"minecraft:fern":2},"minecraft:custom":{"minecraft:interact_with_furnace":17,"minecraft:mob_kills":24,"minecraft:interact_with_crafting_table":8,"minecraft:leave_game":3,"minecraft:time_since_death":29438,"minecraft:sleep_in_bed":3,"minecraft:climb_one_cm":717,"minecraft:time_since_rest":29462,"minecraft:sprint_one_cm":207547,"minecraft:damage_taken":3125,"minecraft:walk_one_cm":184223,"minecraft:drop":4,"minecraft:damage_dealt":2643,"minecraft:swim_one_cm":25184,"minecraft:fly_one_cm":415001,"minecraft:player_kills":1,"minecraft:open_chest":2,"minecraft:crouch_one_cm":2790,"minecraft:play_time":78222,"minecraft:deaths":3,"minecraft:sneak_time":544,"minecraft:walk_under_water_one_cm":2988,"minecraft:jump":1805,"minecraft:walk_on_water_one_cm":11945,"minecraft:total_world_time":78222,"minecraft:fall_one_cm":79552},"minecraft:used":{"minecraft:cooked_mutton":13,"minecraft:water_bucket":23,"minecraft:stone_pickaxe":30,"minecraft:chest":2,"minecraft:wooden_pickaxe":11,"minecraft:blue_bed":3,"minecraft:cooked_chicken":4,"minecraft:dirt":8,"minecraft:crafting_table":5,"minecraft:lava_bucket":1,"minecraft:melon_slice":35,"minecraft:stone_axe":104,"minecraft:furnace":3,"minecraft:bucket":85,"minecraft:powder_snow_bucket":60},"minecraft:crafted":{"minecraft:oak_planks":64,"minecraft:crafting_table":1,"minecraft:wooden_pickaxe":1,"minecraft:cooked_chicken":4,"minecraft:furnace":1,"minecraft:blue_bed":1,"minecraft:bucket":1,"minecraft:birch_planks":28,"minecraft:stone_axe":2,"minecraft:cooked_mutton":14,"minecraft:air":0,"minecraft:blue_dye":3,"minecraft:stick":12,"minecraft:iron_ingot":4,"minecraft:stone_pickaxe":2,"minecraft:blue_wool":3,"minecraft:chest":2},"minecraft:dropped":{"minecraft:stone_axe":1,"minecraft:wheat_seeds":2,"minecraft:stone_pickaxe":1},"minecraft:picked_up":{"minecraft:birch_log":7,"minecraft:cocoa_beans":6,"minecraft:crafting_table":7,"minecraft:feather":16,"minecraft:chicken":12,"minecraft:water_bucket":3,"minecraft:wooden_pickaxe":3,"minecraft:birch_planks":84,"minecraft:oak_log":16,"minecraft:gunpowder":1,"minecraft:blue_bed":5,"minecraft:dirt":19,"minecraft:cornflower":3,"minecraft:string":1,"minecraft:cooked_mutton":7,"minecraft:wheat_seeds":32,"minecraft:stone_pickaxe":1,"minecraft:iron_ingot":3,"minecraft:oak_boat":4,"minecraft:light_gray_wool":5,"minecraft:melon_slice":306,"minecraft:oak_planks":148,"minecraft:furnace":6,"minecraft:stick":15,"minecraft:raw_iron":5,"minecraft:white_bed":3,"minecraft:spider_eye":1,"minecraft:arrow":4,"minecraft:rotten_flesh":8,"minecraft:stone_axe":3,"minecraft:gray_wool":4,"minecraft:oak_sapling":4,"minecraft:mutton":26,"minecraft:coal":6,"minecraft:white_wool":31,"minecraft:cobblestone":57},"minecraft:killed":{"minecraft:spider":2,"minecraft:creeper":1,"minecraft:sheep":11,"minecraft:zombie":4,"minecraft:bee":2,"minecraft:chicken":4}},"DataVersion":3953}