{"stats":{"minecraft:mined":{"minecraft:powder_snow":14,"minecraft:cornflower":3,"minecraft:crafting_table":4,"minecraft:short_grass":22,"minecraft:grass_block":13,"minecraft:melon":23,"minecraft:tall_grass":4,"minecraft:oak_planks":1,"minecraft:blue_bed":3,"minecraft:furnace":3,"minecraft:birch_log":7,"minecraft:iron_ore":4,"minecraft:oak_log":16,"minecraft:coal_ore":3,"minecraft:dirt":7,"minecraft:stone":24,"minecraft:oak_leaves":1,"minecraft:fern":2},"minecraft:custom":{"minecraft:interact_with_furnace":17,"minecraft:mob_kills":21,"minecraft:interact_with_crafting_table":6,"minecraft:leave_game":1,"minecraft:time_since_death":17644,"minecraft:sleep_in_bed":3,"minecraft:climb_one_cm":118,"minecraft:time_since_rest":17668,"minecraft:sprint_one_cm":186977,"minecraft:damage_taken":3045,"minecraft:walk_one_cm":151996,"minecraft:drop":4,"minecraft:damage_dealt":2175,"minecraft:swim_one_cm":23983,"minecraft:fly_one_cm":393417,"minecraft:crouch_one_cm":2745,"minecraft:play_time":66428,"minecraft:deaths":3,"minecraft:sneak_time":506,"minecraft:walk_under_water_one_cm":2921,"minecraft:jump":1607,"minecraft:walk_on_water_one_cm":11582,"minecraft:total_world_time":66428,"minecraft:fall_one_cm":77188},"minecraft:used":{"minecraft:cooked_mutton":13,"minecraft:water_bucket":22,"minecraft:stone_pickaxe":30,"minecraft:wooden_pickaxe":7,"minecraft:blue_bed":3,"minecraft:cooked_chicken":4,"minecraft:dirt":5,"minecraft:crafting_table":4,"minecraft:lava_bucket":1,"minecraft:melon_slice":24,"minecraft:stone_axe":96,"minecraft:furnace":3,"minecraft:bucket":84,"minecraft:powder_snow_bucket":60},"minecraft:crafted":{"minecraft:oak_planks":64,"minecraft:crafting_table":1,"minecraft:wooden_pickaxe":1,"minecraft:cooked_chicken":4,"minecraft:blue_bed":1,"minecraft:furnace":1,"minecraft:bucket":1,"minecraft:birch_planks":28,"minecraft:stone_axe":2,"minecraft:cooked_mutton":14,"minecraft:air":0,"minecraft:blue_dye":3,"minecraft:stick":12,"minecraft:iron_ingot":4,"minecraft:stone_pickaxe":2,"minecraft:blue_wool":3},"minecraft:dropped":{"minecraft:stone_axe":1,"minecraft:wheat_seeds":2,"minecraft:stone_pickaxe":1},"minecraft:picked_up":{"minecraft:birch_log":7,"minecraft:cocoa_beans":6,"minecraft:crafting_table":7,"minecraft:feather":16,"minecraft:chicken":12,"minecraft:water_bucket":3,"minecraft:wooden_pickaxe":3,"minecraft:birch_planks":84,"minecraft:oak_log":16,"minecraft:string":1,"minecraft:dirt":16,"minecraft:cornflower":3,"minecraft:blue_bed":5,"minecraft:cooked_mutton":7,"minecraft:wheat_seeds":30,"minecraft:stone_pickaxe":1,"minecraft:iron_ingot":3,"minecraft:oak_boat":4,"minecraft:light_gray_wool":5,"minecraft:melon_slice":306,"minecraft:oak_planks":135,"minecraft:furnace":6,"minecraft:stick":15,"minecraft:raw_iron":4,"minecraft:white_bed":3,"minecraft:spider_eye":1,"minecraft:arrow":4,"minecraft:rotten_flesh":8,"minecraft:stone_axe":2,"minecraft:gray_wool":4,"minecraft:oak_sapling":4,"minecraft:mutton":26,"minecraft:coal":3,"minecraft:white_wool":20,"minecraft:cobblestone":36},"minecraft:killed":{"minecraft:spider":2,"minecraft:sheep":11,"minecraft:zombie":2,"minecraft:bee":2,"minecraft:chicken":4}},"DataVersion":3953}