{"stats":{"minecraft:mined":{"minecraft:furnace":2,"minecraft:iron_ore":4,"minecraft:birch_log":7,"minecraft:powder_snow":14,"minecraft:crafting_table":4,"minecraft:cornflower":3,"minecraft:short_grass":9,"minecraft:coal_ore":3,"minecraft:grass_block":8,"minecraft:oak_log":16,"minecraft:dirt":2,"minecraft:tall_grass":4,"minecraft:stone":24,"minecraft:oak_leaves":1,"minecraft:blue_bed":2},"minecraft:used":{"minecraft:cooked_mutton":6,"minecraft:stone_pickaxe":29,"minecraft:wooden_pickaxe":7,"minecraft:blue_bed":3,"minecraft:cooked_chicken":4,"minecraft:stone_axe":47,"minecraft:dirt":1,"minecraft:crafting_table":4,"minecraft:furnace":2,"minecraft:bucket":3,"minecraft:powder_snow_bucket":2},"minecraft:custom":{"minecraft:time_since_rest":1863,"minecraft:interact_with_furnace":11,"minecraft:sprint_one_cm":115454,"minecraft:damage_taken":437,"minecraft:walk_one_cm":60875,"minecraft:mob_kills":16,"minecraft:drop":4,"minecraft:damage_dealt":1355,"minecraft:swim_one_cm":5696,"minecraft:fly_one_cm":275102,"minecraft:interact_with_crafting_table":6,"minecraft:crouch_one_cm":2485,"minecraft:play_time":36428,"minecraft:sneak_time":452,"minecraft:walk_under_water_one_cm":916,"minecraft:jump":1082,"minecraft:leave_game":1,"minecraft:walk_on_water_one_cm":305,"minecraft:time_since_death":36428,"minecraft:sleep_in_bed":3,"minecraft:total_world_time":36428,"minecraft:fall_one_cm":35898},"minecraft:dropped":{"minecraft:stone_axe":1,"minecraft:wheat_seeds":2,"minecraft:stone_pickaxe":1},"minecraft:crafted":{"minecraft:blue_dye":3,"minecraft:oak_planks":64,"minecraft:crafting_table":1,"minecraft:cooked_chicken":4,"minecraft:stick":12,"minecraft:iron_ingot":4,"minecraft:wooden_pickaxe":1,"minecraft:stone_pickaxe":2,"minecraft:blue_wool":3,"minecraft:furnace":1,"minecraft:blue_bed":1,"minecraft:bucket":1,"minecraft:birch_planks":28,"minecraft:stone_axe":2,"minecraft:air":0,"minecraft:cooked_mutton":6},"minecraft:picked_up":{"minecraft:birch_log":7,"minecraft:raw_iron":4,"minecraft:crafting_table":4,"minecraft:feather":4,"minecraft:chicken":5,"minecraft:oak_log":16,"minecraft:blue_bed":2,"minecraft:cornflower":3,"minecraft:dirt":10,"minecraft:arrow":1,"minecraft:rotten_flesh":2,"minecraft:wheat_seeds":5,"minecraft:gray_wool":1,"minecraft:light_gray_wool":1,"minecraft:oak_sapling":1,"minecraft:coal":3,"minecraft:mutton":12,"minecraft:white_wool":6,"minecraft:cobblestone":24,"minecraft:furnace":2},"minecraft:killed":{"minecraft:sheep":8,"minecraft:zombie":2,"minecraft:bee":2,"minecraft:chicken":4}},"DataVersion":3953}