{"stats":{"minecraft:mined":{"minecraft:furnace":1,"minecraft:iron_ore":4,"minecraft:birch_log":7,"minecraft:crafting_table":3,"minecraft:cornflower":3,"minecraft:short_grass":9,"minecraft:coal_ore":3,"minecraft:grass_block":7,"minecraft:oak_log":16,"minecraft:dirt":2,"minecraft:tall_grass":4,"minecraft:stone":24,"minecraft:oak_leaves":1,"minecraft:blue_bed":2},"minecraft:used":{"minecraft:cooked_mutton":4,"minecraft:stone_pickaxe":28,"minecraft:wooden_pickaxe":7,"minecraft:blue_bed":2,"minecraft:stone_axe":38,"minecraft:dirt":1,"minecraft:crafting_table":3,"minecraft:furnace":1},"minecraft:custom":{"minecraft:time_since_rest":2840,"minecraft:interact_with_furnace":4,"minecraft:sprint_one_cm":55757,"minecraft:damage_taken":205,"minecraft:walk_one_cm":35903,"minecraft:mob_kills":10,"minecraft:drop":4,"minecraft:damage_dealt":881,"minecraft:fly_one_cm":150662,"minecraft:interact_with_crafting_table":5,"minecraft:crouch_one_cm":2224,"minecraft:play_time":24428,"minecraft:sneak_time":301,"minecraft:jump":600,"minecraft:leave_game":1,"minecraft:time_since_death":24428,"minecraft:sleep_in_bed":2,"minecraft:total_world_time":24428,"minecraft:fall_one_cm":19339},"minecraft:dropped":{"minecraft:stone_axe":1,"minecraft:wheat_seeds":2,"minecraft:stone_pickaxe":1},"minecraft:crafted":{"minecraft:blue_dye":3,"minecraft:oak_planks":64,"minecraft:crafting_table":1,"minecraft:stick":12,"minecraft:wooden_pickaxe":1,"minecraft:stone_pickaxe":2,"minecraft:blue_wool":3,"minecraft:furnace":1,"minecraft:blue_bed":1,"minecraft:birch_planks":28,"minecraft:stone_axe":2,"minecraft:cooked_mutton":4},"minecraft:picked_up":{"minecraft:birch_log":7,"minecraft:raw_iron":4,"minecraft:crafting_table":3,"minecraft:feather":4,"minecraft:chicken":4,"minecraft:oak_log":16,"minecraft:blue_bed":2,"minecraft:cornflower":3,"minecraft:dirt":9,"minecraft:rotten_flesh":2,"minecraft:wheat_seeds":5,"minecraft:light_gray_wool":1,"minecraft:oak_sapling":1,"minecraft:coal":2,"minecraft:mutton":6,"minecraft:white_wool":3,"minecraft:cobblestone":24,"minecraft:furnace":1},"minecraft:killed":{"minecraft:sheep":4,"minecraft:zombie":2,"minecraft:chicken":4}},"DataVersion":3953}