{"stats":{"minecraft:broken":{"minecraft:stone_axe":1},"minecraft:mined":{"minecraft:white_bed":2,"minecraft:cherry_log":54,"minecraft:stripped_cherry_log":1,"minecraft:powder_snow":10,"minecraft:crafting_table":2,"minecraft:short_grass":18,"minecraft:grass_block":8,"minecraft:tall_grass":8,"minecraft:pink_petals":6,"minecraft:bee_nest":2,"minecraft:oak_log":12,"minecraft:coal_ore":4,"minecraft:cherry_leaves":7,"minecraft:dirt":3,"minecraft:stone":21,"minecraft:fern":2},"minecraft:used":{"minecraft:stone_pickaxe":26,"minecraft:oak_planks":1,"minecraft:cherry_planks":4,"minecraft:cooked_chicken":4,"minecraft:dirt":7,"minecraft:mutton":15,"minecraft:crafting_table":4,"minecraft:white_bed":2,"minecraft:stone_axe":133,"minecraft:pink_petals":12,"minecraft:cobblestone":1,"minecraft:furnace":1,"minecraft:cooked_porkchop":3,"minecraft:oak_boat":1,"minecraft:egg":2,"minecraft:cherry_log":1},"minecraft:custom":{"minecraft:interact_with_furnace":6,"minecraft:mob_kills":29,"minecraft:interact_with_crafting_table":5,"minecraft:leave_game":3,"minecraft:time_since_death":19228,"minecraft:sleep_in_bed":2,"minecraft:climb_one_cm":28,"minecraft:time_since_rest":19258,"minecraft:sprint_one_cm":107774,"minecraft:damage_taken":1815,"minecraft:walk_one_cm":78638,"minecraft:drop":12,"minecraft:damage_dealt":2747,"minecraft:swim_one_cm":12564,"minecraft:fly_one_cm":242424,"minecraft:crouch_one_cm":1264,"minecraft:play_time":48839,"minecraft:deaths":2,"minecraft:sneak_time":482,"minecraft:walk_under_water_one_cm":3113,"minecraft:boat_one_cm":12383,"minecraft:jump":1166,"minecraft:walk_on_water_one_cm":7651,"minecraft:total_world_time":48839,"minecraft:fall_one_cm":51886},"minecraft:dropped":{"minecraft:wheat_seeds":2,"minecraft:cherry_sapling":1,"minecraft:feather":6,"minecraft:dirt":1,"minecraft:brown_wool":4,"minecraft:arrow":1,"minecraft:stone_pickaxe":1,"minecraft:pink_petals":5,"minecraft:white_wool":9,"minecraft:bone":2},"minecraft:crafted":{"minecraft:cherry_planks":4,"minecraft:oak_planks":48,"minecraft:cooked_porkchop":3,"minecraft:crafting_table":3,"minecraft:cooked_chicken":4,"minecraft:furnace":1,"minecraft:stone_axe":1,"minecraft:air":0,"minecraft:oak_boat":1,"minecraft:stick":4,"minecraft:white_bed":1},"minecraft:picked_up":{"minecraft:pink_petals":17,"minecraft:crafting_table":4,"minecraft:feather":7,"minecraft:chicken":4,"minecraft:brown_wool":4,"minecraft:stripped_cherry_log":1,"minecraft:oak_log":12,"minecraft:dirt":24,"minecraft:bone":2,"minecraft:wheat_seeds":4,"minecraft:stone_pickaxe":4,"minecraft:oak_boat":1,"minecraft:oak_planks":36,"minecraft:egg":2,"minecraft:stick":2,"minecraft:cooked_porkchop":1,"minecraft:porkchop":3,"minecraft:cherry_log":154,"minecraft:white_bed":3,"minecraft:arrow":1,"minecraft:stone_axe":3,"minecraft:cherry_sapling":1,"minecraft:mutton":37,"minecraft:coal":9,"minecraft:white_wool":39,"minecraft:cobblestone":31},"minecraft:killed":{"minecraft:pig":1,"minecraft:sheep":16,"minecraft:skeleton":1,"minecraft:zombie":2,"minecraft:bee":2,"minecraft:chicken":7}},"DataVersion":3953}