{"stats":{"minecraft:broken":{"minecraft:stone_axe":1},"minecraft:mined":{"minecraft:white_bed":2,"minecraft:cherry_log":54,"minecraft:stripped_cherry_log":1,"minecraft:powder_snow":10,"minecraft:crafting_table":2,"minecraft:short_grass":26,"minecraft:grass_block":8,"minecraft:tall_grass":8,"minecraft:pink_petals":6,"minecraft:iron_ore":1,"minecraft:bee_nest":2,"minecraft:oak_log":12,"minecraft:coal_ore":4,"minecraft:cherry_leaves":7,"minecraft:dirt":6,"minecraft:stone":32,"minecraft:white_wool":2,"minecraft:oak_leaves":2,"minecraft:fern":5},"minecraft:killed_by":{"minecraft:player":1,"minecraft:creeper":1},"minecraft:used":{"minecraft:water_bucket":3,"minecraft:stone_pickaxe":42,"minecraft:oak_planks":3,"minecraft:cherry_planks":4,"minecraft:cooked_chicken":4,"minecraft:white_wool":5,"minecraft:dirt":7,"minecraft:mutton":15,"minecraft:crafting_table":4,"minecraft:white_bed":3,"minecraft:melon_slice":2,"minecraft:stone_axe":135,"minecraft:pink_petals":12,"minecraft:cobblestone":1,"minecraft:furnace":1,"minecraft:cooked_porkchop":3,"minecraft:bucket":3,"minecraft:oak_boat":1,"minecraft:egg":2,"minecraft:cherry_log":1},"minecraft:custom":{"minecraft:interact_with_furnace":6,"minecraft:mob_kills":30,"minecraft:interact_with_crafting_table":6,"minecraft:leave_game":4,"minecraft:time_since_death":3174,"minecraft:sleep_in_bed":3,"minecraft:climb_one_cm":1081,"minecraft:time_since_rest":1,"minecraft:sprint_one_cm":129222,"minecraft:damage_taken":2263,"minecraft:walk_one_cm":100665,"minecraft:drop":12,"minecraft:damage_dealt":2827,"minecraft:swim_one_cm":14129,"minecraft:fly_one_cm":268779,"minecraft:open_chest":3,"minecraft:crouch_one_cm":1264,"minecraft:play_time":62167,"minecraft:deaths":4,"minecraft:sneak_time":520,"minecraft:walk_under_water_one_cm":3376,"minecraft:boat_one_cm":12383,"minecraft:jump":1428,"minecraft:walk_on_water_one_cm":9572,"minecraft:total_world_time":62167,"minecraft:fall_one_cm":58660},"minecraft:dropped":{"minecraft:wheat_seeds":2,"minecraft:cherry_sapling":1,"minecraft:feather":6,"minecraft:dirt":1,"minecraft:brown_wool":4,"minecraft:arrow":1,"minecraft:stone_pickaxe":1,"minecraft:pink_petals":5,"minecraft:white_wool":9,"minecraft:bone":2},"minecraft:crafted":{"minecraft:cherry_planks":4,"minecraft:oak_planks":48,"minecraft:cooked_porkchop":3,"minecraft:crafting_table":3,"minecraft:cooked_chicken":4,"minecraft:furnace":1,"minecraft:stone_axe":1,"minecraft:air":0,"minecraft:oak_boat":1,"minecraft:stick":4,"minecraft:white_bed":1},"minecraft:picked_up":{"minecraft:pink_petals":17,"minecraft:crafting_table":6,"minecraft:feather":7,"minecraft:chicken":4,"minecraft:brown_wool":4,"minecraft:stripped_cherry_log":1,"minecraft:oak_log":12,"minecraft:dirt":92,"minecraft:bone":2,"minecraft:wheat_seeds":4,"minecraft:stone_pickaxe":6,"minecraft:oak_boat":1,"minecraft:oak_planks":49,"minecraft:egg":2,"minecraft:stick":2,"minecraft:raw_iron":1,"minecraft:cooked_porkchop":1,"minecraft:porkchop":3,"minecraft:cherry_log":256,"minecraft:white_bed":3,"minecraft:arrow":1,"minecraft:stone_axe":4,"minecraft:cherry_sapling":1,"minecraft:mutton":41,"minecraft:coal":12,"minecraft:white_wool":52,"minecraft:cobblestone":62},"minecraft:killed":{"minecraft:pig":1,"minecraft:skeleton":1,"minecraft:sheep":17,"minecraft:zombie":2,"minecraft:bee":2,"minecraft:chicken":7}},"DataVersion":3953}