{"stats":{"minecraft:broken":{"minecraft:stone_axe":1},"minecraft:mined":{"minecraft:pink_petals":6,"minecraft:white_bed":2,"minecraft:cherry_log":54,"minecraft:stripped_cherry_log":1,"minecraft:powder_snow":10,"minecraft:crafting_table":1,"minecraft:bee_nest":2,"minecraft:short_grass":17,"minecraft:coal_ore":4,"minecraft:grass_block":3,"minecraft:oak_log":12,"minecraft:cherry_leaves":7,"minecraft:dirt":2,"minecraft:tall_grass":8,"minecraft:stone":16},"minecraft:used":{"minecraft:stone_pickaxe":20,"minecraft:cherry_planks":4,"minecraft:cooked_chicken":4,"minecraft:stone_axe":118,"minecraft:pink_petals":12,"minecraft:dirt":5,"minecraft:crafting_table":3,"minecraft:furnace":1,"minecraft:cooked_porkchop":2,"minecraft:white_bed":2,"minecraft:egg":2,"minecraft:cherry_log":1},"minecraft:custom":{"minecraft:time_since_rest":12,"minecraft:interact_with_furnace":6,"minecraft:sprint_one_cm":69185,"minecraft:damage_taken":425,"minecraft:walk_one_cm":40455,"minecraft:mob_kills":24,"minecraft:drop":9,"minecraft:damage_dealt":1948,"minecraft:swim_one_cm":6087,"minecraft:interact_with_crafting_table":3,"minecraft:fly_one_cm":175996,"minecraft:deaths":1,"minecraft:crouch_one_cm":1264,"minecraft:play_time":20453,"minecraft:sneak_time":482,"minecraft:walk_under_water_one_cm":290,"minecraft:jump":806,"minecraft:walk_on_water_one_cm":853,"minecraft:time_since_death":0,"minecraft:sleep_in_bed":2,"minecraft:total_world_time":20453,"minecraft:fall_one_cm":29154},"minecraft:dropped":{"minecraft:brown_wool":4,"minecraft:cherry_sapling":1,"minecraft:feather":6,"minecraft:arrow":1,"minecraft:stone_pickaxe":1,"minecraft:pink_petals":5,"minecraft:bone":2},"minecraft:crafted":{"minecraft:cherry_planks":4,"minecraft:oak_planks":48,"minecraft:cooked_porkchop":3,"minecraft:crafting_table":3,"minecraft:stick":4,"minecraft:cooked_chicken":4,"minecraft:furnace":1,"minecraft:white_bed":1,"minecraft:stone_axe":1,"minecraft:air":0},"minecraft:picked_up":{"minecraft:pink_petals":17,"minecraft:crafting_table":1,"minecraft:feather":7,"minecraft:chicken":4,"minecraft:brown_wool":4,"minecraft:stripped_cherry_log":1,"minecraft:porkchop":3,"minecraft:oak_log":12,"minecraft:cherry_log":52,"minecraft:white_bed":2,"minecraft:dirt":5,"minecraft:bone":2,"minecraft:arrow":1,"minecraft:stone_axe":1,"minecraft:stone_pickaxe":2,"minecraft:cherry_sapling":1,"minecraft:mutton":19,"minecraft:coal":3,"minecraft:white_wool":11,"minecraft:cobblestone":16,"minecraft:egg":2},"minecraft:killed":{"minecraft:sheep":13,"minecraft:skeleton":1,"minecraft:pig":1,"minecraft:bee":2,"minecraft:chicken":7}},"DataVersion":3953}