{"stats":{"minecraft:mined":{"minecraft:white_bed":1,"minecraft:cherry_log":33,"minecraft:bee_nest":1,"minecraft:short_grass":2,"minecraft:grass_block":2,"minecraft:oak_log":12,"minecraft:cherry_leaves":6,"minecraft:dirt":2,"minecraft:tall_grass":1,"minecraft:stone":16},"minecraft:used":{"minecraft:stone_pickaxe":16,"minecraft:stone_axe":68,"minecraft:dirt":4,"minecraft:crafting_table":2,"minecraft:furnace":1,"minecraft:white_bed":1,"minecraft:egg":2},"minecraft:custom":{"minecraft:time_since_rest":2840,"minecraft:interact_with_furnace":1,"minecraft:sprint_one_cm":29948,"minecraft:damage_taken":20,"minecraft:walk_one_cm":15518,"minecraft:mob_kills":12,"minecraft:drop":5,"minecraft:damage_dealt":820,"minecraft:interact_with_crafting_table":2,"minecraft:fly_one_cm":53458,"minecraft:crouch_one_cm":212,"minecraft:play_time":8453,"minecraft:sneak_time":207,"minecraft:jump":240,"minecraft:time_since_death":8453,"minecraft:sleep_in_bed":1,"minecraft:total_world_time":8453,"minecraft:fall_one_cm":7916},"minecraft:dropped":{"minecraft:brown_wool":4,"minecraft:feather":6,"minecraft:stone_pickaxe":1},"minecraft:crafted":{"minecraft:oak_planks":48,"minecraft:crafting_table":2,"minecraft:furnace":1,"minecraft:white_bed":1},"minecraft:picked_up":{"minecraft:feather":6,"minecraft:chicken":4,"minecraft:brown_wool":4,"minecraft:oak_log":12,"minecraft:cherry_log":27,"minecraft:white_bed":1,"minecraft:dirt":4,"minecraft:stone_axe":1,"minecraft:stone_pickaxe":2,"minecraft:cherry_sapling":1,"minecraft:mutton":10,"minecraft:white_wool":5,"minecraft:cobblestone":16,"minecraft:egg":2},"minecraft:killed":{"minecraft:sheep":7,"minecraft:bee":1,"minecraft:chicken":4}},"DataVersion":3953}