{"stats":{"minecraft:broken":{"minecraft:stone_axe":1,"minecraft:stone_shovel":4},"minecraft:mined":{"minecraft:white_bed":3,"minecraft:cherry_log":54,"minecraft:stripped_cherry_log":1,"minecraft:dandelion":1,"minecraft:powder_snow":10,"minecraft:crafting_table":4,"minecraft:short_grass":116,"minecraft:grass_block":338,"minecraft:poppy":1,"minecraft:tall_grass":14,"minecraft:blue_bed":1,"minecraft:hay_block":15,"minecraft:pink_petals":6,"minecraft:iron_ore":1,"minecraft:bee_nest":2,"minecraft:oak_log":28,"minecraft:coal_ore":4,"minecraft:dirt_path":1,"minecraft:cherry_leaves":7,"minecraft:dirt":207,"minecraft:stripped_oak_log":2,"minecraft:stone":32,"minecraft:white_wool":2,"minecraft:oak_leaves":2,"minecraft:fern":5},"minecraft:killed_by":{"minecraft:player":1,"minecraft:creeper":1},"minecraft:used":{"minecraft:water_bucket":39,"minecraft:stone_shovel":536,"minecraft:stone_pickaxe":42,"minecraft:oak_planks":3,"minecraft:cherry_planks":4,"minecraft:blue_bed":2,"minecraft:stone_hoe":18,"minecraft:cooked_chicken":4,"minecraft:white_wool":5,"minecraft:dirt":573,"minecraft:mutton":15,"minecraft:crafting_table":90,"minecraft:white_bed":3,"minecraft:melon_slice":17,"minecraft:stone_axe":169,"minecraft:pink_petals":12,"minecraft:cobblestone":1,"minecraft:oak_sapling":3,"minecraft:furnace":1,"minecraft:cooked_porkchop":3,"minecraft:bucket":39,"minecraft:oak_boat":1,"minecraft:egg":3,"minecraft:cherry_log":1},"minecraft:custom":{"minecraft:interact_with_furnace":8,"minecraft:mob_kills":40,"minecraft:interact_with_crafting_table":19,"minecraft:leave_game":4,"minecraft:time_since_death":33174,"minecraft:sleep_in_bed":5,"minecraft:climb_one_cm":1081,"minecraft:time_since_rest":4764,"minecraft:sprint_one_cm":195041,"minecraft:damage_taken":2323,"minecraft:walk_one_cm":265448,"minecraft:drop":45,"minecraft:damage_dealt":3917,"minecraft:swim_one_cm":14129,"minecraft:talked_to_villager":1,"minecraft:fly_one_cm":336208,"minecraft:open_chest":3,"minecraft:crouch_one_cm":9331,"minecraft:play_time":92167,"minecraft:deaths":4,"minecraft:sneak_time":2678,"minecraft:walk_under_water_one_cm":3538,"minecraft:boat_one_cm":12383,"minecraft:jump":1826,"minecraft:walk_on_water_one_cm":17013,"minecraft:total_world_time":92167,"minecraft:fall_one_cm":68914},"minecraft:crafted":{"minecraft:cherry_planks":208,"minecraft:oak_planks":120,"minecraft:stone_shovel":4,"minecraft:cooked_porkchop":3,"minecraft:crafting_table":86,"minecraft:cooked_chicken":4,"minecraft:furnace":1,"minecraft:stone_axe":1,"minecraft:air":0,"minecraft:oak_boat":1,"minecraft:stick":20,"minecraft:white_bed":1,"minecraft:stone_hoe":1},"minecraft:dropped":{"minecraft:water_bucket":1,"minecraft:wheat_seeds":35,"minecraft:cocoa_beans":12,"minecraft:raw_iron":1,"minecraft:cherry_sapling":1,"minecraft:cobblestone":6,"minecraft:feather":10,"minecraft:rotten_flesh":2,"minecraft:light_gray_wool":1,"minecraft:leather":2,"minecraft:stick":4,"minecraft:poppy":1,"minecraft:dirt":1,"minecraft:gunpowder":1,"minecraft:brown_wool":4,"minecraft:arrow":2,"minecraft:stone_pickaxe":1,"minecraft:string":1,"minecraft:pink_petals":5,"minecraft:white_wool":9,"minecraft:dandelion":4,"minecraft:bone":2},"minecraft:picked_up":{"minecraft:stripped_oak_log":2,"minecraft:cocoa_beans":6,"minecraft:pink_petals":17,"minecraft:crafting_table":8,"minecraft:feather":7,"minecraft:chicken":4,"minecraft:leather":2,"minecraft:brown_wool":4,"minecraft:stripped_cherry_log":1,"minecraft:oak_log":28,"minecraft:blue_bed":1,"minecraft:dirt":619,"minecraft:bone":2,"minecraft:wheat_seeds":24,"minecraft:stone_pickaxe":6,"minecraft:oak_boat":1,"minecraft:poppy":2,"minecraft:oak_planks":49,"minecraft:egg":3,"minecraft:stick":2,"minecraft:raw_iron":1,"minecraft:cooked_porkchop":1,"minecraft:dandelion":4,"minecraft:porkchop":16,"minecraft:cherry_log":256,"minecraft:white_bed":4,"minecraft:arrow":1,"minecraft:stone_axe":4,"minecraft:hay_block":15,"minecraft:cherry_sapling":1,"minecraft:oak_sapling":2,"minecraft:mutton":41,"minecraft:coal":12,"minecraft:white_wool":52,"minecraft:cobblestone":62},"minecraft:killed":{"minecraft:pig":8,"minecraft:horse":1,"minecraft:skeleton":1,"minecraft:sheep":17,"minecraft:goat":2,"minecraft:zombie":2,"minecraft:bee":2,"minecraft:chicken":7}},"DataVersion":3953}