{"stats":{"minecraft:broken":{"minecraft:stone_axe":1,"minecraft:stone_shovel":3},"minecraft:mined":{"minecraft:white_bed":3,"minecraft:cherry_log":54,"minecraft:stripped_cherry_log":1,"minecraft:dandelion":1,"minecraft:powder_snow":10,"minecraft:crafting_table":2,"minecraft:short_grass":79,"minecraft:grass_block":325,"minecraft:tall_grass":8,"minecraft:pink_petals":6,"minecraft:iron_ore":1,"minecraft:bee_nest":2,"minecraft:oak_log":28,"minecraft:coal_ore":4,"minecraft:dirt_path":1,"minecraft:cherry_leaves":7,"minecraft:dirt":184,"minecraft:stone":32,"minecraft:white_wool":2,"minecraft:oak_leaves":2,"minecraft:fern":5},"minecraft:killed_by":{"minecraft:player":1,"minecraft:creeper":1},"minecraft:used":{"minecraft:water_bucket":33,"minecraft:stone_shovel":506,"minecraft:stone_pickaxe":42,"minecraft:oak_planks":3,"minecraft:cherry_planks":4,"minecraft:blue_bed":1,"minecraft:cooked_chicken":4,"minecraft:white_wool":5,"minecraft:dirt":217,"minecraft:mutton":15,"minecraft:crafting_table":5,"minecraft:white_bed":3,"minecraft:melon_slice":10,"minecraft:stone_axe":154,"minecraft:pink_petals":12,"minecraft:cobblestone":1,"minecraft:furnace":1,"minecraft:cooked_porkchop":3,"minecraft:bucket":33,"minecraft:oak_boat":1,"minecraft:egg":3,"minecraft:cherry_log":1},"minecraft:custom":{"minecraft:interact_with_furnace":6,"minecraft:mob_kills":31,"minecraft:interact_with_crafting_table":11,"minecraft:leave_game":4,"minecraft:time_since_death":21174,"minecraft:sleep_in_bed":4,"minecraft:climb_one_cm":1081,"minecraft:time_since_rest":5073,"minecraft:sprint_one_cm":161938,"minecraft:damage_taken":2273,"minecraft:walk_one_cm":210393,"minecraft:drop":40,"minecraft:damage_dealt":2927,"minecraft:swim_one_cm":14129,"minecraft:talked_to_villager":1,"minecraft:fly_one_cm":304723,"minecraft:open_chest":3,"minecraft:crouch_one_cm":1286,"minecraft:play_time":80167,"minecraft:deaths":4,"minecraft:sneak_time":523,"minecraft:walk_under_water_one_cm":3538,"minecraft:boat_one_cm":12383,"minecraft:jump":1623,"minecraft:walk_on_water_one_cm":15841,"minecraft:total_world_time":80167,"minecraft:fall_one_cm":63024},"minecraft:dropped":{"minecraft:wheat_seeds":32,"minecraft:cocoa_beans":12,"minecraft:raw_iron":1,"minecraft:cherry_sapling":1,"minecraft:cobblestone":6,"minecraft:feather":10,"minecraft:rotten_flesh":2,"minecraft:light_gray_wool":1,"minecraft:stick":4,"minecraft:poppy":1,"minecraft:dirt":1,"minecraft:gunpowder":1,"minecraft:brown_wool":4,"minecraft:arrow":2,"minecraft:stone_pickaxe":1,"minecraft:string":1,"minecraft:pink_petals":5,"minecraft:white_wool":9,"minecraft:dandelion":4,"minecraft:bone":2},"minecraft:crafted":{"minecraft:cherry_planks":208,"minecraft:oak_planks":48,"minecraft:stone_shovel":4,"minecraft:cooked_porkchop":3,"minecraft:crafting_table":3,"minecraft:cooked_chicken":4,"minecraft:furnace":1,"minecraft:stone_axe":1,"minecraft:air":0,"minecraft:oak_boat":1,"minecraft:stick":20,"minecraft:white_bed":1},"minecraft:picked_up":{"minecraft:cocoa_beans":6,"minecraft:pink_petals":17,"minecraft:crafting_table":6,"minecraft:feather":7,"minecraft:chicken":4,"minecraft:brown_wool":4,"minecraft:stripped_cherry_log":1,"minecraft:oak_log":28,"minecraft:dirt":582,"minecraft:bone":2,"minecraft:wheat_seeds":21,"minecraft:stone_pickaxe":6,"minecraft:oak_boat":1,"minecraft:poppy":1,"minecraft:oak_planks":49,"minecraft:egg":3,"minecraft:stick":2,"minecraft:raw_iron":1,"minecraft:cooked_porkchop":1,"minecraft:dandelion":4,"minecraft:porkchop":3,"minecraft:cherry_log":256,"minecraft:white_bed":4,"minecraft:arrow":1,"minecraft:stone_axe":4,"minecraft:cherry_sapling":1,"minecraft:oak_sapling":2,"minecraft:mutton":41,"minecraft:coal":12,"minecraft:white_wool":52,"minecraft:cobblestone":62},"minecraft:killed":{"minecraft:pig":1,"minecraft:skeleton":1,"minecraft:sheep":17,"minecraft:goat":1,"minecraft:zombie":2,"minecraft:bee":2,"minecraft:chicken":7}},"DataVersion":3953}